<?xml version="1.0" encoding="UTF-8"?>
<!DOCTYPE struts-config PUBLIC "-//Apache Software Foundation//DTD Struts Configuration 1.2//EN" "http://struts.apache.org/dtds/struts-config_1_2.dtd">

<struts-config>
	<data-sources />
	<form-beans />
	<global-exceptions />
	<global-forwards />
	<action-mappings>
		<!-- 超市后台管理员后台  -->
		<action path="/member"
			type="org.springframework.web.struts.DelegatingActionProxy" >
			<forward name="list" path="/WEB-INF/pages/parkadmin/member.jsp"
				redirect="false" />
			<forward name="adminlist" path="/WEB-INF/pages/admin/member.jsp"
				redirect="false" />
		</action>
		<action path="/order"
			type="org.springframework.web.struts.DelegatingActionProxy" >
			<forward name="list" path="/WEB-INF/pages/parkadmin/order.jsp"
				redirect="false" />
			<forward name="carpics" path="/WEB-INF/pages/parkadmin/carpics.jsp"
				redirect="false" />
				<forward name="escarpics" path="/WEB-INF/pages/parkadmin/escarpics.jsp"
				redirect="false" />
		</action>
				<action path="/withdraw"
			type="org.springframework.web.struts.DelegatingActionProxy" >
			<forward name="list" path="/WEB-INF/pages/parkadmin/withdraw.jsp"
				redirect="false" />
		</action>
		<action path="/price"
			type="org.springframework.web.struts.DelegatingActionProxy" >
			<forward name="list" path="/WEB-INF/pages/parkadmin/price.jsp"
				redirect="false" />
		</action>
		<action path="/package"
			type="org.springframework.web.struts.DelegatingActionProxy" >
			<forward name="list" path="/WEB-INF/pages/parkadmin/package.jsp"
				redirect="false" />
			<forward name="week" path="/WEB-INF/pages/parkadmin/week.jsp" redirect="false" />
		</action>
		<action path="/authsetting"
			type="org.springframework.web.struts.DelegatingActionProxy" >
			<forward name="auth" path="/WEB-INF/pages/admin/auth.jsp"
				redirect="false" />
			<forward name="authsetting" path="/WEB-INF/pages/admin/authsetting.jsp"
				redirect="false" />
			<forward name="rolesetting" path="/WEB-INF/pages/admin/rolesetting.jsp"
				redirect="false" />
			<forward name="department" path="/WEB-INF/pages/admin/departmentsetting.jsp"
				redirect="false" />
			<forward name="authmanage" path="/WEB-INF/pages/admin/authmanage.jsp"
				redirect="false" />
			<forward name="personmanage" path="/WEB-INF/pages/admin/person.jsp"
				redirect="false" />
			<forward name="todepartpage" path="/WEB-INF/pages/admin/departs.jsp"
				redirect="false" />
			<forward name="todmempage" path="/WEB-INF/pages/admin/departmembers.jsp"
				redirect="false" />
		</action>
		<!-- 车场会员管理 -->
		<action path="/vipuser" type="org.springframework.web.struts.DelegatingActionProxy" >
			<forward name="list" path="/WEB-INF/pages/parkadmin/vipuser.jsp"
				redirect="false" />
		</action>


		
		<action path="/parkinfo"
			type="org.springframework.web.struts.DelegatingActionProxy" >
			<forward name="success" path="/WEB-INF/pages/parkadmin/parkinfo.jsp" redirect="false" />
			<forward name="parkset" path="/WEB-INF/pages/parkadmin/parkset.jsp" redirect="false" />
		</action>
		<action path="/carplate" type="org.springframework.web.struts.DelegatingActionProxy" >
			<forward name="menu" path="/WEB-INF/pages/admin/menu/menu.jsp"
				redirect="false" />
		</action>
		<!-- 总管理员后台  -->
		<action path="/parkpraise"
			type="org.springframework.web.struts.DelegatingActionProxy" >
			<forward name="list" path="/WEB-INF/pages/admin/parkpraise.jsp"
				redirect="false" />
			<forward name="commentdetail" path="/WEB-INF/pages/admin/commentlist.jsp"
				redirect="false" />
			<forward name="praisedetail" path="/WEB-INF/pages/admin/praisedetail.jsp"
				redirect="false" />
			<forward name="commentlist" path="/WEB-INF/pages/admin/commentdetail.jsp"
				redirect="false" />
		</action>
		<action path="/collector"
			type="org.springframework.web.struts.DelegatingActionProxy" >
			<forward name="list" path="/WEB-INF/pages/admin/collector.jsp"
				redirect="false" />
			<forward name="vusers" path="/WEB-INF/pages/admin/collector_validates.jsp"
				redirect="false" />
			<forward name="vuser" path="/WEB-INF/pages/admin/collector_validate.jsp"
				redirect="false" />
			<forward name="cominfo" path="/WEB-INF/pages/admin/cominfo.jsp"
				redirect="false" />
			<forward name="remarks" path="/WEB-INF/pages/admin/remarks.jsp"
				redirect="false" />
			<forward name="useraccount" path="/WEB-INF/pages/admin/collector_account.jsp"
				redirect="false" />
			<forward name="adduseraccount" path="/WEB-INF/pages/admin/addcollector_acc.jsp"
				redirect="false" />
		</action>
		<action path="/recomview"
			type="org.springframework.web.struts.DelegatingActionProxy" >
			<forward name="list" path="/WEB-INF/pages/admin/recommend.jsp"
				redirect="false" />
		</action>
		<action path="/ticket"
			type="org.springframework.web.struts.DelegatingActionProxy" >
			<forward name="list" path="/WEB-INF/pages/admin/ticket.jsp"
				redirect="false" />
		</action>
		<action path="/carower"
			type="org.springframework.web.struts.DelegatingActionProxy" >
			<forward name="list" path="/WEB-INF/pages/admin/carower.jsp"
				redirect="false" />
			<forward name="carlist" path="/WEB-INF/pages/admin/carinfo.jsp"
				redirect="false" />
			<forward name="orderlist" path="/WEB-INF/pages/admin/carowerorderlist.jsp"
				redirect="false" />
			<forward name="authusers" path="/WEB-INF/pages/admin/carower_auth.jsp"
				redirect="false" />
			<forward name="preauthuser" path="/WEB-INF/pages/admin/carower_preauth.jsp"
				redirect="false" />
		</action>
		<action path="/parking" type="org.springframework.web.struts.DelegatingActionProxy" >
			<forward name="list" path="/WEB-INF/pages/admin/park/parklist.jsp" redirect="false" />
			<forward name="ugclist" path="/WEB-INF/pages/admin/park/ugclist.jsp" redirect="false" />
			<forward name="ugcverify" path="/WEB-INF/pages/admin/park/ugcverify.jsp" redirect="false" />
			<forward name="verifydetail" path="/WEB-INF/pages/admin/park/verifydetail.jsp" redirect="false" />
		</action>
		<action path="/freepark"
			type="org.springframework.web.struts.DelegatingActionProxy" >
			<forward name="list" path="/WEB-INF/pages/admin/freeparklist.jsp"
				redirect="false" />
		</action>


		<action path="/account"
			type="org.springframework.web.struts.DelegatingActionProxy" >
			<forward name="list" path="/WEB-INF/pages/admin/account.jsp"
				redirect="false" />
		</action>
		<action path="/parkaccount"
			type="org.springframework.web.struts.DelegatingActionProxy">
			<forward name="list" path="/WEB-INF/pages/parkadmin/account.jsp"
				redirect="false" />
		</action>
		<action path="/collectorsort"
			type="org.springframework.web.struts.DelegatingActionProxy" >
			<forward name="list" path="/WEB-INF/pages/admin/sharesort.jsp"
				redirect="false" />
			<forward name="detail" path="/WEB-INF/pages/admin/sharesortdetail.jsp"
				redirect="false" />
		</action>

		<action path="/parksetting" type="org.springframework.web.struts.DelegatingActionProxy">
			<forward name="list" path="/WEB-INF/pages/admin/parksetting.jsp" redirect="false" />
			<forward name="parkclientset" path="/WEB-INF/pages/admin/parkclientset.jsp"
				redirect="false" />	
		</action>
		<action path="/marketer" type="org.springframework.web.struts.DelegatingActionProxy">
			<forward name="list" path="/WEB-INF/pages/manage/marketer.jsp"
				redirect="false" />
		</action>
		<action path="/bizcircle" type="org.springframework.web.struts.DelegatingActionProxy">
			<forward name="list" path="/WEB-INF/pages/admin/bizcircle.jsp"
				redirect="false" />
		</action>
		<action path="/marketerpark" type="org.springframework.web.struts.DelegatingActionProxy">
			<forward name="list" path="/WEB-INF/pages/admin/marketerparklist.jsp"
				redirect="false" />
		</action>
		<action path="/comaccount" type="org.springframework.web.struts.DelegatingActionProxy" >
			<forward name="list" path="/WEB-INF/pages/admin/comaccountlist.jsp"
				redirect="false" />
		</action>
		
		<action path="/useraccount" type="org.springframework.web.struts.DelegatingActionProxy" >
			<forward name="list" path="/WEB-INF/pages/admin/useraccountlist.jsp"
				redirect="false" />
		</action>
		

		
		<action path="/nfcmanage" type="org.springframework.web.struts.DelegatingActionProxy" >
			<forward name="list" path="/WEB-INF/pages/admin/nfcmanage.jsp"
				redirect="false" />
		</action>
		
		<action path="/activity" type="org.springframework.web.struts.DelegatingActionProxy" >
			<forward name="list" path="/WEB-INF/pages/admin/activitylist.jsp"
				redirect="false" />
			<forward name="detail" path="/WEB-INF/pages/admin/activity.jsp"
				redirect="false" />
		</action>
		
		<!-- 金额设定-->
		<action path="/mset" type="org.springframework.web.struts.DelegatingActionProxy" >
			<forward name="list" path="/WEB-INF/pages/admin/moneyset.jsp"
				redirect="false" />
		</action>
		
		<action path="/parkanlysis" type="org.springframework.web.struts.DelegatingActionProxy" >
			<forward name="menu" path="/WEB-INF/pages/admin/menu/menu.jsp" redirect="false" />
		</action>
		<action path="/parkmanagemenu"  type="org.springframework.web.struts.DelegatingActionProxy" >
			<forward name="menu" path="/WEB-INF/pages/admin/menu/menu.jsp" redirect="false" />
		</action>
		<action path="/parkepaymenu" type="org.springframework.web.struts.DelegatingActionProxy" >
			<forward name="menu" path="/WEB-INF/pages/admin/menu/menu.jsp" redirect="false" />
		</action>
		<action path="/parkordermenu" type="org.springframework.web.struts.DelegatingActionProxy" >
			<forward name="menu" path="/WEB-INF/pages/admin/menu/menu.jsp" redirect="false" />
		</action>
		<action path="/nfcanlysis" type="org.springframework.web.struts.DelegatingActionProxy" >
			<forward name="list" path="/WEB-INF/pages/anlysis/nfcanlysis.jsp" redirect="false" />
			<forward name="detail" path="/WEB-INF/pages/anlysis/nfcdetail.jsp" redirect="false" />
		</action>
		<action path="/shop" type="org.springframework.web.struts.DelegatingActionProxy" >
			<forward name="list" path="/WEB-INF/pages/parkadmin/shops.jsp" redirect="false" />
			<forward name="setlist" path="/WEB-INF/pages/parkadmin/shopsetting.jsp" redirect="false" />
		</action>
		<action path="/shopmember" type="org.springframework.web.struts.DelegatingActionProxy" >
			<forward name="list" path="/WEB-INF/pages/parkadmin/shopmember.jsp" redirect="false" />
		</action>
		<action path="/shopticketanlysis" type="org.springframework.web.struts.DelegatingActionProxy" >
			<forward name="list" path="/WEB-INF/pages/anlysis/shopticketanlysis.jsp" redirect="false" />
			<forward name="detail" path="/WEB-INF/pages/anlysis/shopticketdetail.jsp" redirect="false" />
		</action>
		<action path="/mobileanlysis" type="org.springframework.web.struts.DelegatingActionProxy" >
			<forward name="list" path="/WEB-INF/pages/anlysis/mobileanlysis.jsp" redirect="false" />
			<forward name="mpaydetail" path="/WEB-INF/pages/anlysis/mobiledetail.jsp" redirect="false" />
			<forward name="dpaydetail" path="/WEB-INF/pages/anlysis/directpaydetail.jsp" redirect="false" />
			<forward name="trend" path="/WEB-INF/pages/anlysis/mobilepaytrend.jsp" redirect="false" />
			<forward name="totaltrend" path="/WEB-INF/pages/anlysis/mobiletotaltrend.jsp" redirect="false" />
		</action>
		<action path="/reganlysis" type="org.springframework.web.struts.DelegatingActionProxy" >
			<forward name="trend" path="/WEB-INF/pages/anlysis/registertrend.jsp" redirect="false" />
		</action>
		<action path="/consumeanlysis" type="org.springframework.web.struts.DelegatingActionProxy" >
			<forward name="trend" path="/WEB-INF/pages/anlysis/consumetrend.jsp" redirect="false" />
		</action>
		<action path="/visitanlysis" type="org.springframework.web.struts.DelegatingActionProxy" >
			<forward name="visit" path="/WEB-INF/pages/anlysis/visitanlysis.jsp" redirect="false" />
			<forward name="detail" path="/WEB-INF/pages/anlysis/visitdetail.jsp" redirect="false" />
		</action>
		<action path="/efparkanlysis" type="org.springframework.web.struts.DelegatingActionProxy" >
			<forward name="list" path="/WEB-INF/pages/anlysis/parkinfoanlysis.jsp" redirect="false" />
		</action>
		<action path="/hasparker" type="org.springframework.web.struts.DelegatingActionProxy" >
			<forward name="trend" path="/WEB-INF/pages/anlysis/hasparkeranlysis.jsp" redirect="false" />
		</action>
		<action path="/charge" type="org.springframework.web.struts.DelegatingActionProxy" >
			<forward name="list" path="/WEB-INF/pages/anlysis/chargeanlysis.jsp" redirect="false" />
		</action>
		<action path="/allowance" type="org.springframework.web.struts.DelegatingActionProxy" >
			<forward name="list" path="/WEB-INF/pages/anlysis/allowanceanlysis.jsp" redirect="false" />
		</action>
		<action path="/easypass" type="org.springframework.web.struts.DelegatingActionProxy" >
			<forward name="list" path="/WEB-INF/pages/anlysis/easypass.jsp" redirect="false" />
			<forward name="detail" path="/WEB-INF/pages/anlysis/easypassdetail.jsp" redirect="false" />
		</action>
		<action path="/marketerpics" type="org.springframework.web.struts.DelegatingActionProxy" >
		</action>
		<action path="/orderanly" type="org.springframework.web.struts.DelegatingActionProxy" >
			<forward name="list" path="/WEB-INF/pages/anlysis/parkorderanlysis.jsp" redirect="false" />
			<forward name="detail" path="/WEB-INF/pages/anlysis/parkorderdetail.jsp" redirect="false" />
			<forward name="work" path="/WEB-INF/pages/anlysis/parkuserworkdetail.jsp" redirect="false" />
		</action>
		<action path="/productanlysis" type="org.springframework.web.struts.DelegatingActionProxy" >
			<forward name="list" path="/WEB-INF/pages/anlysis/productanlysis.jsp" redirect="false" />
		</action>
		
		<action path="/plotprod" type="org.springframework.web.struts.DelegatingActionProxy" >
			<forward name="list" path="/WEB-INF/pages/anlysis/plotprodanlysis.jsp" redirect="false" />
			<forward name="plotproddetail" path="/WEB-INF/pages/anlysis/plotproddetail.jsp" redirect="false" />
		</action>


		<action path="/worksite" type="org.springframework.web.struts.DelegatingActionProxy"  >
			<forward name="list" path="/WEB-INF/pages/admin/worksite.jsp"
				redirect="false" />
		</action>
		<action path="/provincesett" type="org.springframework.web.struts.DelegatingActionProxy"  >
			<forward name="list" path="/WEB-INF/pages/admin/provincesetting.jsp"
				redirect="false" />
		</action>
		<action path="/passedit" type="org.springframework.web.struts.DelegatingActionProxy"  >
			<forward name="list" path="/WEB-INF/pages/admin/pass.jsp"
				redirect="false" />
		</action>
		<action path="/camera" type="org.springframework.web.struts.DelegatingActionProxy"  >
			<forward name="list" path="/WEB-INF/pages/admin/camera.jsp"
				redirect="false" />
		</action>
		<action path="/led" type="org.springframework.web.struts.DelegatingActionProxy"  >
			<forward name="list" path="/WEB-INF/pages/admin/led.jsp"
				redirect="false" />
		</action>
		<action path="/parkworksite" type="org.springframework.web.struts.DelegatingActionProxy"  >
			<forward name="list" path="/WEB-INF/pages/parkadmin/worksite.jsp"
				redirect="false" />
		</action>
		<action path="/parkpassedit" type="org.springframework.web.struts.DelegatingActionProxy"  >
			<forward name="list" path="/WEB-INF/pages/parkadmin/pass.jsp"
				redirect="false" />
		</action>
		<action path="/parkcamera" type="org.springframework.web.struts.DelegatingActionProxy"  >
			<forward name="list" path="/WEB-INF/pages/parkadmin/camera.jsp"
				redirect="false" />
		</action>
		<action path="/parkled" type="org.springframework.web.struts.DelegatingActionProxy"  >
			<forward name="list" path="/WEB-INF/pages/parkadmin/led.jsp"
				redirect="false" />
		</action>

		<action path="/parkwithdraw" type="org.springframework.web.struts.DelegatingActionProxy" >
			<forward name="list" path="/WEB-INF/pages/admin/withdraw.jsp" redirect="false" />
		</action>

		<!-- 照牌生成查询订单  create order by photo-->

		<!-- 手机管理  -->
		<action path="/mobilemanage" type="org.springframework.web.struts.DelegatingActionProxy" >
			<forward name="list" path="/WEB-INF/pages/admin/mobilemanage.jsp" redirect="false" />
		</action>
		<action path="/pricetest" type="org.apache.struts.actions.ForwardAction"
			parameter="/WEB-INF/pages/zld/pricetest.jsp">
		</action>
		<!-- 黑名单管理 -->
		<action path="/blackuser" type="org.springframework.web.struts.DelegatingActionProxy" >
			<forward name="list" path="/WEB-INF/pages/admin/blackusers.jsp" redirect="false" />
		</action>

		<!-- 泊车点管理 -->
		<action path="/carstops" type="org.springframework.web.struts.DelegatingActionProxy" >
			<forward name="list" path="/WEB-INF/pages/carstop/carstopslist.jsp" redirect="false" />
			<forward name="uploadret" path="/WEB-INF/pages/carstop/uploadret.jsp" redirect="false" />
		</action>
		<!-- 泊车员管理 -->
		<action path="/parkattendant" type="org.springframework.web.struts.DelegatingActionProxy" >
			<forward name="list" path="/WEB-INF/pages/carstop/attendantslist.jsp" redirect="false" />
			<forward name="uploadret" path="/WEB-INF/pages/carstop/uploadret.jsp" redirect="false" />
		</action>
		<!-- 泊车点价格管理 -->
		<action path="/carstopsprice" type="org.springframework.web.struts.DelegatingActionProxy" >
			<forward name="list" path="/WEB-INF/pages/carstop/carstopspricelist.jsp" redirect="false" />
		</action>
		<!-- 泊车订单管理 -->
		<action path="/ctorders" type="org.springframework.web.struts.DelegatingActionProxy" >
			<forward name="list" path="/WEB-INF/pages/carstop/carstopsorderlist.jsp" redirect="false" />
		</action>
		<!-- Ibeacon管理 -->
		<action path="/ibeacon" type="org.springframework.web.struts.DelegatingActionProxy" >
			<forward name="list" path="/WEB-INF/pages/admin/ibeaconlist.jsp" redirect="false" />
		</action>
		<!-- 二维码管理 -->
		<action path="/qrmanage" type="org.springframework.web.struts.DelegatingActionProxy" >
			<forward name="list" path="/WEB-INF/pages/admin/qrlist.jsp" redirect="false" />
		</action>
		<!-- 车场专用停车券管理 -->
		<action path="/parkticket" type="org.springframework.web.struts.DelegatingActionProxy" >
			<forward name="list" path="/WEB-INF/pages/admin/parkticketlist.jsp" redirect="false" />
		</action>
		<action path="/parklalaanly" type="org.springframework.web.struts.DelegatingActionProxy" >
			<forward name="success" path="/WEB-INF/pages/anlysis/parklalaanly.jsp" redirect="false" />
			<forward name="parkidle" path="/WEB-INF/pages/anlysis/parkidleanly.jsp" redirect="false" />	
		</action>

		<!-- 取数据接口-->
		<action path="/getdata" type="org.springframework.web.struts.DelegatingActionProxy" >
		</action>
		<!-- 礼包统计  -->
		<action path="/bonusanly" type="org.springframework.web.struts.DelegatingActionProxy" >
			<forward name="list" path="/WEB-INF/pages/anlysis/bounsanly.jsp" redirect="false" />
			<forward name="detail" path="/WEB-INF/pages/anlysis/bonusdetail.jsp" redirect="false" />
		</action>
		<!-- 登录 -->
		<action path="/login" type="org.apache.struts.actions.ForwardAction"
			parameter="/WEB-INF/pages/zld/login.jsp">
		</action>
		<action path="/dologin"
			type="org.springframework.web.struts.DelegatingActionProxy" >
			<forward name="success" path="/WEB-INF/pages/menu/menu.jsp"
				redirect="false" />
			<forward name="parkmanage" path="/WEB-INF/pages/admin/menu/home.jsp"
				redirect="false" />
			<forward name="marketer" path="/WEB-INF/pages/menu/marketermenu.jsp"
				redirect="false" />
			<forward name="recorder" path="/WEB-INF/pages/menu/recordermenu.jsp"
				redirect="false" />
			<forward name="fail" path="/WEB-INF/pages/zld/login.jsp"
				redirect="false" />
			<forward name="finance" path="/WEB-INF/pages/menu/financemenu.jsp"
				redirect="false" />
			<forward name="cardoperator" path="/WEB-INF/pages/menu/cardoperatormenu.jsp"
				redirect="false" />
		</action>
		

		
		<!-- 市场专员客户端 -->
		<!-- 登陆 -->
		<action path="/marketerlogin"
			type="org.springframework.web.struts.DelegatingActionProxy" >
		</action>
		<!-- 车场管理 -->
		<action path="/parkmanage"
			type="org.springframework.web.struts.DelegatingActionProxy" >
		</action>
		<!-- 下载图片 -->
		<action path="/download"
			type="org.springframework.web.struts.DelegatingActionProxy" >
		</action>
		<!-- 拜访记录 -->
		<action path="/visit"
			type="org.springframework.web.struts.DelegatingActionProxy" >
		</action>
		




		<!-- 停车宝账户 -->
		<action path="/tcbaccountaly" type="org.springframework.web.struts.DelegatingActionProxy" >
			<forward name="list" path="/WEB-INF/pages/anlysis/tingchebaoaccountanlysis.jsp" redirect="false" />	
		</action>
		<action path="/parkaccountaly" type="org.springframework.web.struts.DelegatingActionProxy" >
			<forward name="list" path="/WEB-INF/pages/anlysis/parkaccountanlysis.jsp" redirect="false" />	
		</action>
		<action path="/parkuseraccountaly" type="org.springframework.web.struts.DelegatingActionProxy" >
			<forward name="list" path="/WEB-INF/pages/anlysis/parkuseraccountanlysis.jsp" redirect="false" />	
		</action>
		<action path="/useraccountaly" type="org.springframework.web.struts.DelegatingActionProxy" >
			<forward name="list" path="/WEB-INF/pages/anlysis/useraccountanlysis.jsp" redirect="false" />	
		</action>
		<action path="/orderbonusanly" type="org.springframework.web.struts.DelegatingActionProxy" >
			<forward name="list" path="/WEB-INF/pages/anlysis/orderbounsanlysis.jsp" redirect="false" />	
		</action>
		<!-- 购物中心 -->
		<action path="/midpreanlysis" type="org.springframework.web.struts.DelegatingActionProxy" >
			<forward name="list" path="/WEB-INF/pages/anlysis/midpreanlysis.jsp" redirect="false" />
			<forward name="detail" path="/WEB-INF/pages/anlysis/midpredetail.jsp" redirect="false" />
			<forward name="workdetail" path="/WEB-INF/pages/anlysis/midpreworkdetail.jsp" redirect="false" />
		</action>
		<!-- 商户客户端 -->
		<action path="/reward" type="org.springframework.web.struts.DelegatingActionProxy" >
			<forward name="list" path="/WEB-INF/pages/anlysis/rewardanlysis.jsp" redirect="false" />	
		</action>

		<action path="/compark" type="org.springframework.web.struts.DelegatingActionProxy" >
			<forward name="list" path="/WEB-INF/pages/parkadmin/compark.jsp"
				redirect="false" />
		</action>
		<action path="/parkescape" type="org.springframework.web.struts.DelegatingActionProxy" >
			<forward name="list" path="/WEB-INF/pages/parkadmin/parkescape.jsp"
				redirect="false" />
		</action>
	    <action path="/planmember" type="org.springframework.web.struts.DelegatingActionProxy" >
			<forward name="list" path="/WEB-INF/pages/parkadmin/planmember.jsp"
				redirect="false" />
		</action>
		  <action path="/reserveorder" type="org.springframework.web.struts.DelegatingActionProxy" >
			<forward name="list" path="/WEB-INF/pages/parkadmin/reserveorder.jsp"
				redirect="false" />
		</action>

		<action path="/localserver" type="org.springframework.web.struts.DelegatingActionProxy" >
			<forward name="list" path="/WEB-INF/pages/admin/localserver.jsp"
				redirect="false" />
		</action>
		<action path="/serverasync" type="org.springframework.web.struts.DelegatingActionProxy" >
			<forward name="list" path="/WEB-INF/pages/admin/serverasync.jsp"
				redirect="false" />
		</action>
		<action path="/attendant" type="org.springframework.web.struts.DelegatingActionProxy" ></action>

		<!-- 车型管理  -->
		<action path="/cartype" type="org.springframework.web.struts.DelegatingActionProxy" >
			<forward name="list" path="/WEB-INF/pages/parkadmin/cartype.jsp"
				redirect="false" />
		</action>
		<!-- 绑定车型  -->
		<action path="/bindcartype" type="org.springframework.web.struts.DelegatingActionProxy" >
			<forward name="list" path="/WEB-INF/pages/parkadmin/bindcartype.jsp"
					 redirect="false" />
		</action>
		<action path="/freereasons" type="org.springframework.web.struts.DelegatingActionProxy" >
			<forward name="list" path="/WEB-INF/pages/parkadmin/freereasons.jsp"
				redirect="false" />
		</action>
		<action path="/membermanage"  type="org.springframework.web.struts.DelegatingActionProxy" >
			<forward name="menu" path="/WEB-INF/pages/admin/menu/menu.jsp" redirect="false" />
		</action>
		<action path="/logomanage" type="org.springframework.web.struts.DelegatingActionProxy" >
			<forward name="menu" path="/WEB-INF/pages/admin/menu/menu.jsp" redirect="false" />
		</action>
		<action path="/orgtype" type="org.springframework.web.struts.DelegatingActionProxy" >
			<forward name="orgtypelist" path="/WEB-INF/pages/auth/orgtypelist.jsp" redirect="false" />
		</action>
		<action path="/organize" type="org.springframework.web.struts.DelegatingActionProxy" >
			<forward name="orglist" path="/WEB-INF/pages/auth/orglist.jsp" redirect="false" />
		</action>
		<action path="/rolemanage" type="org.springframework.web.struts.DelegatingActionProxy" >
			<forward name="orglist" path="/WEB-INF/pages/auth/rolelist.jsp" redirect="false" />
		</action>
		<action path="/authmanage" type="org.springframework.web.struts.DelegatingActionProxy" >
			<forward name="authlist" path="/WEB-INF/pages/auth/authlist.jsp" redirect="false" />
		</action>
		<action path="/authrole" type="org.springframework.web.struts.DelegatingActionProxy" >
			<forward name="editauthrole" path="/WEB-INF/pages/auth/editrole.jsp" redirect="false" />
		</action>
		<action path="/adminrole" type="org.springframework.web.struts.DelegatingActionProxy" >
			<forward name="adminrolelist" path="/WEB-INF/pages/auth/adminrolelist.jsp" redirect="false" />
			<forward name="editauthrole" path="/WEB-INF/pages/auth/editrole.jsp" redirect="false" />
			<forward name="collectset" path="/WEB-INF/pages/auth/collectset.jsp" redirect="false" />
		</action>
		<action path="/survey" type="org.springframework.web.struts.DelegatingActionProxy" >
			<forward name="survey" path="/WEB-INF/pages/parkadmin/survey.jsp" redirect="false" />
		</action>
		<action path="/carpicsup" type="org.springframework.web.struts.DelegatingActionProxy" >
		</action>
		
		<!-- 渠道云后台 -->
		<action path="/channel" type="org.springframework.web.struts.DelegatingActionProxy" >
			<forward name="list" path="/WEB-INF/pages/channel/channellist.jsp" redirect="false" />
			<forward name="setting" path="/WEB-INF/pages/admin/chansetting.jsp" redirect="false" />
		</action>
		<action path="/chanmember" type="org.springframework.web.struts.DelegatingActionProxy" >
			<forward name="list" path="/WEB-INF/pages/channel/chanmember.jsp" redirect="false" />
		</action>
		<action path="/channelpark" type="org.springframework.web.struts.DelegatingActionProxy" >
			<forward name="list" path="/WEB-INF/pages/channel/parklist.jsp" redirect="false" />
			<forward name="set" path="/WEB-INF/pages/channel/parksetting.jsp" redirect="false" />
		</action>
		<action path="/cloudlogo" type="org.springframework.web.struts.DelegatingActionProxy" >
			<forward name="list" path="/WEB-INF/pages/channel/cloudlist.jsp" redirect="false" />
			<forward name="uploadret" path="/WEB-INF/pages/carstop/uploadret.jsp" redirect="false" />
		</action>
		
		<action path="/group" type="org.springframework.web.struts.DelegatingActionProxy" >
			<forward name="list" path="/WEB-INF/pages/group/grouplist.jsp" redirect="false" />
			<forward name="tree" path="/WEB-INF/pages/auth/tree.jsp" redirect="false" />
		</action>
		<action path="/grouporder" type="org.springframework.web.struts.DelegatingActionProxy" >
			<forward name="list" path="/WEB-INF/pages/group/grouporderlist.jsp" redirect="false" />
		</action>
		<action path="/groupmember" type="org.springframework.web.struts.DelegatingActionProxy" >
			<forward name="list" path="/WEB-INF/pages/group/groupmember.jsp" redirect="false" />
		</action>
		<action path="/employeelogs" type="org.springframework.web.struts.DelegatingActionProxy" >
			<forward name="list" path="/WEB-INF/pages/group/employeelogs.jsp" redirect="false" />
		</action>
		<action path="/grouppark" type="org.springframework.web.struts.DelegatingActionProxy" >
			<forward name="list" path="/WEB-INF/pages/group/parklist.jsp" redirect="false" />
			<forward name="set" path="/WEB-INF/pages/channel/parksetting.jsp" redirect="false" />
		</action>
		<action path="/gsurvey" type="org.springframework.web.struts.DelegatingActionProxy" >
			<forward name="list" path="/WEB-INF/pages/group/survey.jsp" redirect="false" />
		</action>
		<action path="/groupinfo" type="org.springframework.web.struts.DelegatingActionProxy" >
			<forward name="success" path="/WEB-INF/pages/group/info.jsp" redirect="false" />
		</action>
		
		<action path="/city" type="org.springframework.web.struts.DelegatingActionProxy" >
			<forward name="list" path="/WEB-INF/pages/city/citylist.jsp" redirect="false" />
			<forward name="tree" path="/WEB-INF/pages/auth/tree.jsp" redirect="false" />
		</action>
		<action path="/citymember" type="org.springframework.web.struts.DelegatingActionProxy" >
			<forward name="list" path="/WEB-INF/pages/city/citymember.jsp" redirect="false" />
		</action>
		<action path="/cityinfo" type="org.springframework.web.struts.DelegatingActionProxy" >
			<forward name="success" path="/WEB-INF/pages/city/info.jsp" redirect="false" />
		</action>
		<action path="/citygroup" type="org.springframework.web.struts.DelegatingActionProxy" >
			<forward name="list" path="/WEB-INF/pages/city/citygrouplist.jsp" redirect="false" />
			<forward name="tree" path="/WEB-INF/pages/auth/tree.jsp" redirect="false" />
		</action>
		<action path="/cityarea" type="org.springframework.web.struts.DelegatingActionProxy" >
			<forward name="list" path="/WEB-INF/pages/city/cityarealist.jsp" redirect="false" />
		</action>
		<action path="/citypark" type="org.springframework.web.struts.DelegatingActionProxy" >
			<forward name="list" path="/WEB-INF/pages/city/cityparklist.jsp" redirect="false" />
			<forward name="set" path="/WEB-INF/pages/channel/parksetting.jsp" redirect="false" />
		</action>
		<action path="/cityberthseg" type="org.springframework.web.struts.DelegatingActionProxy" >
			<forward name="list" path="/WEB-INF/pages/city/cityberthseglist.jsp" redirect="false" />
			<forward name="bindberth" path="/WEB-INF/pages/city/ownberth.jsp" redirect="false" />
			<forward name="unbindberth" path="/WEB-INF/pages/city/unbindberth.jsp" redirect="false" />
		</action>
		<action path="/cityberth" type="org.springframework.web.struts.DelegatingActionProxy" >
			<forward name="list" path="/WEB-INF/pages/city/cityberthlist.jsp" redirect="false" />
			<forward name="bindsensor" path="/WEB-INF/pages/city/bindsensor.jsp" redirect="false" />
		</action>
		<action path="/cityserver" type="org.springframework.web.struts.DelegatingActionProxy" >
			<forward name="list" path="/WEB-INF/pages/city/cityserverlist.jsp" redirect="false" />
		</action>
		<action path="/cityworksite" type="org.springframework.web.struts.DelegatingActionProxy" >
			<forward name="list" path="/WEB-INF/pages/city/citywslist.jsp" redirect="false" />
		</action>
		<action path="/citypass" type="org.springframework.web.struts.DelegatingActionProxy" >
			<forward name="list" path="/WEB-INF/pages/city/citypasslist.jsp" redirect="false" />
		</action>
		<action path="/citycamera" type="org.springframework.web.struts.DelegatingActionProxy" >
			<forward name="list" path="/WEB-INF/pages/city/citycameralist.jsp" redirect="false" />
		</action>
		<action path="/cityvideo" type="org.springframework.web.struts.DelegatingActionProxy" >
			<forward name="list" path="/WEB-INF/pages/city/cityvideolist.jsp" redirect="false" />
		</action>
		<action path="/cityled" type="org.springframework.web.struts.DelegatingActionProxy" >
			<forward name="list" path="/WEB-INF/pages/city/cityledlist.jsp" redirect="false" />
		</action>
		<action path="/citybrake" type="org.springframework.web.struts.DelegatingActionProxy" >
			<forward name="list" path="/WEB-INF/pages/city/citybrakelist.jsp" redirect="false" />
		</action>
		<action path="/citysim" type="org.springframework.web.struts.DelegatingActionProxy" >
			<forward name="list" path="/WEB-INF/pages/city/citysimlist.jsp" redirect="false" />
		</action>
		<action path="/cityvip" type="org.springframework.web.struts.DelegatingActionProxy" >
			<forward name="list" path="/WEB-INF/pages/city/cityviplist.jsp" redirect="false" />
			<forward name="detail" path="/WEB-INF/pages/city/vipdetail.jsp" redirect="false" />
		</action>
		<action path="/cityblack" type="org.springframework.web.struts.DelegatingActionProxy" >
			<forward name="list" path="/WEB-INF/pages/city/cityblacklist.jsp" redirect="false" />
		</action>
		<action path="/cityrfid" type="org.springframework.web.struts.DelegatingActionProxy" >
			<forward name="list" path="/WEB-INF/pages/city/cityrfidlist.jsp" redirect="false" />
		</action>
		<action path="/citycarowner" type="org.springframework.web.struts.DelegatingActionProxy" >
			<forward name="list" path="/WEB-INF/pages/city/citycarownerlist.jsp" redirect="false" />
		</action>
		<action path="/cityorder" type="org.springframework.web.struts.DelegatingActionProxy" >
			<forward name="list" path="/WEB-INF/pages/city/cityorderlist.jsp" redirect="false" />
		</action>
		<action path="/citybigorder" type="org.springframework.web.struts.DelegatingActionProxy" >
			<forward name="list" path="/WEB-INF/pages/city/citybigorderlist.jsp" redirect="false" />
		</action>
		<action path="/cityunorder" type="org.springframework.web.struts.DelegatingActionProxy" >
			<forward name="list" path="/WEB-INF/pages/city/cityunorderlist.jsp" redirect="false" />
		</action>
		<action path="/citylift" type="org.springframework.web.struts.DelegatingActionProxy" >
			<forward name="list" path="/WEB-INF/pages/city/cityliftlist.jsp" redirect="false" />
			</action>
		<action path="/citysensor" type="org.springframework.web.struts.DelegatingActionProxy" >
			<forward name="list" path="/WEB-INF/pages/city/citysensorlist.jsp" redirect="false" />
			<forward name="detail" path="/WEB-INF/pages/city/sensorfault.jsp" redirect="false" />
		</action>
		<action path="/cityinduceleft" type="org.springframework.web.struts.DelegatingActionProxy" >
			<forward name="list" path="/WEB-INF/pages/city/cityinduceleft.jsp" redirect="false" />
		</action>
		<action path="/citytransmitter" type="org.springframework.web.struts.DelegatingActionProxy" >
			<forward name="list" path="/WEB-INF/pages/city/citytransmitter.jsp" redirect="false" />
			<forward name="detail" path="/WEB-INF/pages/city/sitefault.jsp" redirect="false" />
		</action>
		<action path="/cityinducedmonitor" type="org.springframework.web.struts.DelegatingActionProxy" >
			<forward name="list" path="/WEB-INF/pages/city/cityinducedmonitor.jsp" redirect="false" />
		</action>
		<action path="/cityinduce" type="org.springframework.web.struts.DelegatingActionProxy" >
			<forward name="list" path="/WEB-INF/pages/city/cityinduce.jsp" redirect="false" />
			<forward name="detail" path="/WEB-INF/pages/city/inducefault.jsp" redirect="false" />
		</action>
		<action path="/cityindex" type="org.springframework.web.struts.DelegatingActionProxy" >
			<forward name="list" path="/WEB-INF/pages/city/index.jsp" redirect="false" />
		</action>
		<action path="/inducel3" type="org.springframework.web.struts.DelegatingActionProxy" >
			<forward name="list" path="/WEB-INF/pages/city/cityinducel3.jsp" redirect="false" />
		</action>
		<action path="/inducel2" type="org.springframework.web.struts.DelegatingActionProxy" >
			<forward name="list" path="/WEB-INF/pages/city/cityinducel2.jsp" redirect="false" />
			<forward name="parklist" path="/WEB-INF/pages/city/induceparklist.jsp" redirect="false" />
			<forward name="hislist" path="/WEB-INF/pages/city/inducehislist.jsp" redirect="false" />
		</action>
		<action path="/publish" type="org.springframework.web.struts.DelegatingActionProxy" >
			<forward name="list" path="/WEB-INF/pages/city/citypublist.jsp" redirect="false" />
		</action>
		<action path="/cityaccount" type="org.springframework.web.struts.DelegatingActionProxy" >
			<forward name="list" path="/WEB-INF/pages/city/cityaccount.jsp" redirect="false" />
		</action>
		<action path="/groupaccount" type="org.springframework.web.struts.DelegatingActionProxy" >
			<forward name="list" path="/WEB-INF/pages/city/groupaccount.jsp" redirect="false" />
		</action>
		<!-- 集团绑定车型  -->
		<action path="/groupbindcartype" type="org.springframework.web.struts.DelegatingActionProxy" >
			<forward name="list" path="/WEB-INF/pages/group/bindcartype.jsp"
					 redirect="false" />
		</action>
		<action path="/cityparkaccount" type="org.springframework.web.struts.DelegatingActionProxy" >
			<forward name="list" path="/WEB-INF/pages/city/parkaccount.jsp" redirect="false" />
		</action>
		<action path="/cityuseraccount" type="org.springframework.web.struts.DelegatingActionProxy" >
			<forward name="list" path="/WEB-INF/pages/city/carowneraccount.jsp" redirect="false" />
		</action>
		<action path="/3plwithdraw" type="org.springframework.web.struts.DelegatingActionProxy" >
			<forward name="list" path="/WEB-INF/pages/city/3plwithdraw.jsp" redirect="false" />
		</action>
		<action path="/groupwithdraw" type="org.springframework.web.struts.DelegatingActionProxy" >
			<forward name="list" path="/WEB-INF/pages/group/groupwithdraw.jsp" redirect="false" />
		</action>
		<action path="/3placcount" type="org.springframework.web.struts.DelegatingActionProxy" >
			<forward name="list" path="/WEB-INF/pages/city/city3pllist.jsp" redirect="false" />
		</action>
		<action path="/citywithdraw" type="org.springframework.web.struts.DelegatingActionProxy" >
			<forward name="list" path="/WEB-INF/pages/city/citywithdraw.jsp" redirect="false" />
		</action>
		<action path="/inspectevent" type="org.springframework.web.struts.DelegatingActionProxy" >
			<forward name="list" path="/WEB-INF/pages/group/inspectevent.jsp" redirect="false" />
		</action>
		<action path="/citymoneyset" type="org.springframework.web.struts.DelegatingActionProxy" >
			<forward name="list" path="/WEB-INF/pages/city/citymoneyset.jsp" redirect="false" />
		</action>
		<action path="/bankaccount" type="org.springframework.web.struts.DelegatingActionProxy" >
			<forward name="list" path="/WEB-INF/pages/city/bankaccount.jsp" redirect="false" />
		</action>
		<action path="/synthetictest" type="org.springframework.web.struts.DelegatingActionProxy" >
			<forward name="list" path="/WEB-INF/pages/city/synthetictest.jsp" redirect="false" />
			<forward name="baidumap" path="/WEB-INF/pages/city/cityallbaidumap.jsp" redirect="false" />
			<forward name="multivideo" path="/WEB-INF/pages/city/playmultivideo.jsp" redirect="false" />
			<forward name="singlevideo" path="/WEB-INF/pages/city/playvideo.jsp" redirect="false" />
		</action>
		<action path="/citypos" type="org.springframework.web.struts.DelegatingActionProxy" >
			<forward name="list" path="/WEB-INF/pages/city/cityposlist.jsp" redirect="false" />
		</action>
		<action path="/alertevent" type="org.springframework.web.struts.DelegatingActionProxy" >
			<forward name="list" path="/WEB-INF/pages/city/cityalertlist.jsp" redirect="false" />
		</action>
		<action path="/hotareamanage" type="org.springframework.web.struts.DelegatingActionProxy" >
			<forward name="list" path="/WEB-INF/pages/city/cityhotarealist.jsp" redirect="false" />
			<forward name="parklist" path="/WEB-INF/pages/city/hotareaparklist.jsp" redirect="false" />
		</action>
		<action path="/orgpark" type="org.springframework.web.struts.DelegatingActionProxy" >
			<forward name="list" path="/WEB-INF/pages/area/parklist.jsp" redirect="false" />
		</action>
		
		<action path="/liftrod" type="org.springframework.web.struts.DelegatingActionProxy" >
			<forward name="list" path="/WEB-INF/pages/parkadmin/liftrod.jsp" redirect="false" />
		</action>
		<action path="/parklogs" type="org.springframework.web.struts.DelegatingActionProxy" >
			<forward name="list" path="/WEB-INF/pages/parkadmin/parklogs.jsp" redirect="false" />
		</action>
		<action path="/sensorlog" type="org.springframework.web.struts.DelegatingActionProxy" >
			<forward name="list" path="/WEB-INF/pages/parkadmin/sensorlogs.jsp" redirect="false" />
		</action>
		<action path="/sensorcarinout" type="org.springframework.web.struts.DelegatingActionProxy" >
			<forward name="list" path="/WEB-INF/pages/parkadmin/sensorcarinout.jsp" redirect="false" />
		</action>
		<action path="/authmenu" type="org.springframework.web.struts.DelegatingActionProxy" >
			<forward name="menu" path="/WEB-INF/pages/admin/menu/menu.jsp" redirect="false" />
		</action>
		<action path="/anlysismenu" type="org.springframework.web.struts.DelegatingActionProxy" >
			<forward name="menu" path="/WEB-INF/pages/admin/menu/menu.jsp" redirect="false" />
		</action>
		<action path="/syssetmenu" type="org.springframework.web.struts.DelegatingActionProxy" >
			<forward name="menu" path="/WEB-INF/pages/admin/menu/menu.jsp" redirect="false" />
		</action>
		<action path="/devicemenu" type="org.springframework.web.struts.DelegatingActionProxy" >
			<forward name="menu" path="/WEB-INF/pages/admin/menu/menu.jsp" redirect="false" />
		</action>
		<action path="/citycommand" type="org.springframework.web.struts.DelegatingActionProxy" >
			<forward name="menu" path="/WEB-INF/pages/admin/menu/menu.jsp" redirect="false" />
		</action>
		<action path="/inducemenu" type="org.springframework.web.struts.DelegatingActionProxy" >
			<forward name="menu" path="/WEB-INF/pages/admin/menu/menu.jsp" redirect="false" />
		</action>
		<action path="/paymenu" type="org.springframework.web.struts.DelegatingActionProxy" >
			<forward name="menu" path="/WEB-INF/pages/admin/menu/menu.jsp" redirect="false" />
		</action>
		<action path="/cityanlysis" type="org.springframework.web.struts.DelegatingActionProxy" >
			<forward name="menu" path="/WEB-INF/pages/admin/menu/menu.jsp" redirect="false" />
		</action>
		<action path="/cityparkaccanlysis" type="org.springframework.web.struts.DelegatingActionProxy" >
			<forward name="list" path="/WEB-INF/pages/anlysis/cityparkaccanlysis.jsp" redirect="false" />
			<forward name="mpaydetail" path="/WEB-INF/pages/anlysis/citypaccdetail.jsp" redirect="false" />
		</action>
		<action path="/parkingturnover" type="org.springframework.web.struts.DelegatingActionProxy" >
			<forward name="list" path="/WEB-INF/pages/anlysis/parkingturnover.jsp" redirect="false" />
			<forward name="icon" path="/WEB-INF/pages/anlysis/parkingturnovericon.jsp" redirect="false" />
		</action>
		<action path="/paymentanlysis" type="org.springframework.web.struts.DelegatingActionProxy" >
			<forward name="list" path="/WEB-INF/pages/anlysis/paymentanlysis.jsp" redirect="false" />
			<forward name="icon" path="/WEB-INF/pages/anlysis/paymentanlysisicon.jsp" redirect="false" />
		</action>
		<action path="/escapecount" type="org.springframework.web.struts.DelegatingActionProxy" >
			<forward name="list" path="/WEB-INF/pages/anlysis/escapecount.jsp" redirect="false" />
		</action>
		<action path="/employeecount" type="org.springframework.web.struts.DelegatingActionProxy" >
			<forward name="list" path="/WEB-INF/pages/anlysis/employeecount.jsp" redirect="false" />
		</action>
		<action path="/paytypeanlysis" type="org.springframework.web.struts.DelegatingActionProxy" >
			<forward name="list" path="/WEB-INF/pages/anlysis/paytypeanlysis.jsp" redirect="false" />
		</action>
		
	   <action path="/berthtimeanlysis" type="org.springframework.web.struts.DelegatingActionProxy" >
			<forward name="list" path="/WEB-INF/pages/anlysis/berthtimeanlysis.jsp" redirect="false" />
			<forward name="icon" path="/WEB-INF/pages/anlysis/berthtimeanlysisicon.jsp" redirect="false" />
		</action>
		<action path="/shouldfactanlysis" type="org.springframework.web.struts.DelegatingActionProxy" >
			<forward name="list" path="/WEB-INF/pages/anlysis/shouldfactanlysis.jsp" redirect="false" />
		</action>
		<action path="/citypeakalert" type="org.springframework.web.struts.DelegatingActionProxy" >
			<forward name="list" path="/WEB-INF/pages/city/citypeakalertlist.jsp" redirect="false" />
		</action>
		<action path="/test" type="org.springframework.web.struts.DelegatingActionProxy" >
			<forward name="list" path="/WEB-INF/pages/haixin/index.jsp" redirect="false" />
			<forward name="content" path="/WEB-INF/pages/haixin/orgtype.jsp" redirect="false" />
			<forward name="ajaxtable" path="/WEB-INF/pages/haixin/ajaxtable.jsp" redirect="false" />
			<forward name="scroller" path="/WEB-INF/pages/haixin/scroller.jsp" redirect="false" />
		</action>
		<!-- 扬州 -->
		<action path="/function" type="org.springframework.web.struts.DelegatingActionProxy" >
			<forward name="list" path="/WEB-INF/pages/auth/funclist.jsp" redirect="false" />
			<forward name="tree" path="/WEB-INF/pages/auth/tree.jsp" redirect="false" />
		</action>
		<action path="/sysmanage"  type="org.springframework.web.struts.DelegatingActionProxy" >
			<forward name="menu" path="/WEB-INF/pages/admin/menu/menu.jsp" redirect="false" />
		</action>
		<action path="/vipmanage"  type="org.springframework.web.struts.DelegatingActionProxy" >
			<forward name="menu" path="/WEB-INF/pages/admin/menu/menu.jsp" redirect="false" />
		</action>
		
		<action path="/orgmanage" type="org.springframework.web.struts.DelegatingActionProxy" >
			<forward name="list" path="/WEB-INF/pages/auth/organizelist.jsp" redirect="false" />
			<forward name="tree" path="/WEB-INF/pages/auth/tree.jsp" redirect="false" />
		</action>
      <action path="/videosurvillance" type="org.springframework.web.struts.DelegatingActionProxy">
       <forward name="list" path="/WEB-INF/pages/city/videosurvillance.jsp" redirect="false" /> 
      </action>
		
		<action path="/orgrole" type="org.springframework.web.struts.DelegatingActionProxy" >
			<forward name="list" path="/WEB-INF/pages/auth/orgrolelist.jsp" redirect="false" />
		</action>
		<action path="/transmittermonitor" type="org.springframework.web.struts.DelegatingActionProxy" >
			<forward name="list" path="/WEB-INF/pages/city/transmittermonitor.jsp" redirect="false" />
		</action>
		<action path="/berthtrend" type="org.springframework.web.struts.DelegatingActionProxy" >
			<forward name="trend" path="/WEB-INF/pages/anlysis/berthtrend.jsp" redirect="false" />
		</action>
		<action path="/sensoronline" type="org.springframework.web.struts.DelegatingActionProxy" >
			<forward name="trend" path="/WEB-INF/pages/anlysis/sensoronline.jsp" redirect="false" />
		</action>
		<action path="/colltrend" type="org.springframework.web.struts.DelegatingActionProxy" >
			<forward name="trend" path="/WEB-INF/pages/anlysis/colltrend.jsp" redirect="false" />
		</action>
		<action path="/cityparkanly" type="org.springframework.web.struts.DelegatingActionProxy" >
			<forward name="column" path="/WEB-INF/pages/anlysis/cityparkanly.jsp" redirect="false" />
			<forward name="list" path="/WEB-INF/pages/anlysis/cityparkanlylist.jsp" redirect="false" />
		</action>
		<action path="/peakgantt" type="org.springframework.web.struts.DelegatingActionProxy" >
			<forward name="parkgantt" path="/WEB-INF/pages/anlysis/peaklalertgantt.jsp" redirect="false" />
		</action>
		<action path="/workgroupmanage" type="org.springframework.web.struts.DelegatingActionProxy">
			<forward name="list" path="/WEB-INF/pages/group/workgroupmanage.jsp" redirect="false" /> 
			<forward name="berthseclist" path="/WEB-INF/pages/group/workgroupberthsec.jsp" redirect="false" /> 
			<forward name="saveberthseclist" path="/WEB-INF/pages/group/workgroupsaveberthsec.jsp" redirect="false" /> 
			<forward name="employeelist" path="/WEB-INF/pages/group/workgroupemployee.jsp" redirect="false" />
			<forward name="saveemployeelist" path="/WEB-INF/pages/group/workgroupsaveemployee.jsp" redirect="false" />
			<forward name="inspectorlist" path="/WEB-INF/pages/group/workgroupinspector.jsp" redirect="false" />
			<forward name="saveinspectorlist" path="/WEB-INF/pages/group/workgroupsaveinspector.jsp" redirect="false" />
		</action>
		<action path="/inspectgroupmanage" type="org.springframework.web.struts.DelegatingActionProxy">
			<forward name="list" path="/WEB-INF/pages/group/inspectgroupmanage.jsp" redirect="false" />
			<forward name="berthseclist" path="/WEB-INF/pages/group/inspectgroupberthsec.jsp" redirect="false" />
			<forward name="saveberthseclist" path="/WEB-INF/pages/group/inspectgroupsaveberthsec.jsp" redirect="false" />
			<forward name="employeelist" path="/WEB-INF/pages/group/inspectgroupemployee.jsp" redirect="false" />
			<forward name="saveemployeelist" path="/WEB-INF/pages/group/inspectgroupsaveemployee.jsp" redirect="false" />
			<forward name="inspectorlist" path="/WEB-INF/pages/group/inspectgroupinspector.jsp" redirect="false" />
			<forward name="saveinspectorlist" path="/WEB-INF/pages/group/inspectgroupsaveinspector.jsp" redirect="false" />
		</action>
		<action path="/berthavgmoney" type="org.springframework.web.struts.DelegatingActionProxy">
			<forward name="list" path="/WEB-INF/pages/anlysis/berthavgmoney.jsp" redirect="false" /> 
			<forward name="icon" path="/WEB-INF/pages/anlysis/berthavgmoneyicon.jsp" redirect="false" />
	    </action>
		<action path="/feebypark" type="org.springframework.web.struts.DelegatingActionProxy">
			<forward name="list" path="/WEB-INF/pages/anlysis/feebypark.jsp" redirect="false" /> 
        </action>
        <action path="/feebycoll" type="org.springframework.web.struts.DelegatingActionProxy">
			<forward name="list" path="/WEB-INF/pages/anlysis/feebycoll.jsp" redirect="false" /> 
        </action>
        <action path="/staticfeebycoll" type="org.springframework.web.struts.DelegatingActionProxy">
			<forward name="list" path="/WEB-INF/pages/anlysis/staticfeebycoll.jsp" redirect="false" /> 
        </action>
        <action path="/citysensororder" type="org.springframework.web.struts.DelegatingActionProxy">
			<forward name="list" path="/WEB-INF/pages/city/citysensororderlist.jsp" redirect="false" /> 
        </action>
        <action path="/sensorberth" type="org.springframework.web.struts.DelegatingActionProxy">
			<forward name="list" path="/WEB-INF/pages/city/sensorberth.jsp" redirect="false" /> 
			<forward name="sensor" path="/WEB-INF/pages/city/sensorgui.jsp" redirect="false" /> 
        </action>
        <action path="/sensormanage" type="org.springframework.web.struts.DelegatingActionProxy">
			<forward name="list" path="/WEB-INF/pages/admin/sensorlist.jsp" redirect="false" /> 
        </action>
        <action path="/inducemodule" type="org.springframework.web.struts.DelegatingActionProxy">
			<forward name="list" path="/WEB-INF/pages/city/inducemodule.jsp" redirect="false" />
			<forward name="unbindpark" path="/WEB-INF/pages/city/induceunbindpark.jsp" redirect="false" />
			<forward name="bindpark" path="/WEB-INF/pages/city/inducebindpark.jsp" redirect="false" />
        </action>
        <action path="/card" type="org.springframework.web.struts.DelegatingActionProxy">
			<forward name="list" path="/WEB-INF/pages/group/card.jsp" redirect="false" />
        </action>
        <action path="/cardaccount" type="org.springframework.web.struts.DelegatingActionProxy">
			<forward name="list" path="/WEB-INF/pages/group/cardaccount.jsp" redirect="false" />
        </action>
        <action path="/cardanlysis" type="org.springframework.web.struts.DelegatingActionProxy">
			<forward name="list" path="/WEB-INF/pages/anlysis/cardanlysis.jsp" redirect="false" />
        </action>
        <action path="/statsberth" type="org.springframework.web.struts.DelegatingActionProxy">
			<forward name="list" path="/WEB-INF/pages/anlysis/statsBerthAccount.jsp" redirect="false" />
        </action>
        <action path="/statsaccount" type="org.springframework.web.struts.DelegatingActionProxy">
			<forward name="parkUserCash" path="/WEB-INF/pages/anlysis/parkUserCashAccount.jsp" redirect="false" />
			<forward name="tree" path="/WEB-INF/pages/auth/tree.jsp" redirect="false" />
			<forward name="parkUserEpay" path="/WEB-INF/pages/anlysis/parkUserEpayAccount.jsp" redirect="false" />
			<forward name="parkEpay" path="/WEB-INF/pages/anlysis/parkEpayAccount.jsp" redirect="false" />
			<forward name="groupEpay" path="/WEB-INF/pages/anlysis/groupEpayAccount.jsp" redirect="false" />
			<forward name="tenantEpay" path="/WEB-INF/pages/anlysis/tenantEpayAccount.jsp" redirect="false" />
			<forward name="cardPay" path="/WEB-INF/pages/anlysis/cardPayAccount.jsp" redirect="false" />
			<forward name="actCard" path="/WEB-INF/pages/anlysis/actCardAccount.jsp" redirect="false" />
        </action>
        <action path="/cheatsensor" type="org.springframework.web.struts.DelegatingActionProxy">
			<forward name="list" path="/WEB-INF/pages/zld/cheatSensor.jsp" redirect="false" />
        </action>
	</action-mappings>
</struts-config>

